region,is_returned
Delhi,0.383270911360799
Uttar Pradesh,0.36633663366336633
Karnataka,0.3431372549019608
Tamil Nadu,0.33872976338729766
West Bengal,0.3373934226552984
Telangana,0.33738191632928477
Gujarat,0.33676092544987146
Rajasthan,0.33496332518337407
Maharashtra,0.3308457711442786
Kerala,0.31851851851851853
