category,is_returned
Fashion,0.42680776014109345
Footwear,0.37681159420289856
Accessories,0.36
Beauty & Personal Care,0.34765314240254575
Home & Kitchen,0.30321697467488024
Electronics,0.19391025641025642
